pwsid,contaminant,table_type,year_sampled,value,unit,value_column_reported,value_statistic,range_reported,compliance_achieved_reported,nj_mcl,federal_mcl,source_facility,notes
NJ2004001,PFOA,compliance,2025,7,ppt,Highest Result,highest_single_result,ND to 7,Yes,14,4.0,,
NJ2004001,PFOS,compliance,2025,5,ppt,Highest Result,highest_single_result,ND to 5,Yes,13,4.0,,
NJ2004001,PFPeA,ucmr5,2024,1.8,ppt,Average Amount Detected,average,ND to 3.7,,,,,
NJ2004001,PFBS,ucmr5,2024,2.1,ppt,Average Amount Detected,average,2.0 to 2.2,,,,,
NJ2004001,PFHxA,ucmr5,2024,3.9,ppt,Average Amount Detected,average,3.7 to 4.1,,,,,
NJ1345001,PFOA,compliance,2025,8.7,ppt,Highest Compliance Result,highest_raa,ND to 8.7,Yes,14,4.0,,Report footnote: value is the highest running annual average at the treatment plants
NJ1345001,PFOS,compliance,2025,2.6,ppt,Highest Compliance Result,highest_raa,ND to 2.6,Yes,13,4.0,,Report footnote: value is the highest running annual average at the treatment plants
NJ1345001,PFNA,compliance,2025,ND,ppt,Highest Compliance Result,highest_raa,NA,Yes,13,,,Report footnote: value is the highest running annual average at the treatment plants
NJ1345001,PFBS,unregulated,2025,0.69,ppt,Average Amount Detected,average,ND to 9.7,,,,,
NJ1345001,PFHxA,unregulated,2025,0.91,ppt,Average Amount Detected,average,ND to 4.0,,,,,
NJ1345001,PFHxS,unregulated,2025,NA,ppt,Average Amount Detected,average,ND,,,,,Report labels this compound 'Perfluorohexane acid'
NJ1345001,PFHpA,unregulated,2025,0.316,ppt,Average Amount Detected,average,ND to 2.6,,,,,
NJ1345001,PFOA,ucmr5,2023-2024,2.5,ppt,Average Amount Detected,average,ND to 7.5,,14,4.0,,
NJ1345001,PFOS,ucmr5,2023-2024,0,ppt,Average Amount Detected,average,ND,,13,4.0,,
NJ1345001,HFPO-DA,ucmr5,2023-2024,0,ppt,Average Amount Detected,average,ND,,,,,
NJ1345001,PFBS,ucmr5,2023-2024,0.47,ppt,Average Amount Detected,average,ND to 9.2,,,,,
NJ1345001,PFHxS,ucmr5,2023-2024,0,ppt,Average Amount Detected,average,ND,,,,,Report labels this compound 'Perfluorohexane acid'
NJ1345001,PFNA,ucmr5,2023-2024,0,ppt,Average Amount Detected,average,ND,,13,,,
NJ1345001,PFHxA,ucmr5,2023-2024,1.22,ppt,Average Amount Detected,average,ND to 4.6,,,,,
NJ1345001,PFPeA,ucmr5,2023-2024,0.73,ppt,Average Amount Detected,average,ND to 4.1,,,,,
NJ1345001,6:2 FTS,ucmr5,2023-2024,0.18,ppt,Average Amount Detected,average,ND to 6.8,,,,,Report labels this compound 'Perfluorooctane sulfonic acid (6:2FTS)'
NJ2004002,PFOA,compliance,2025,7,ppt,Highest Compliance Result,highest_compliance_result_unspecified,ND to 7,Yes,14,4.0,,
NJ2004002,PFOS,compliance,2025,6,ppt,Highest Compliance Result,highest_compliance_result_unspecified,ND to 6,Yes,13,4.0,,
NJ2004002,PFBS,ucmr5,2025,1,ppt,Average Amount Detected,average,ND to 3,,,,,
NJ2004002,PFHxS,ucmr5,2025,0.2,ppt,Average Amount Detected,average,ND to 3,,,,,
NJ2004002,HFPO-DA,ucmr5,2024,0,ppt,Average Amount Detected,average,ND,,,,,
NJ2004002,PFNA,ucmr5,2024,0,ppt,Average Amount Detected,average,ND,,13,,,
NJ2004002,PFPeA,ucmr5,2024,0.001,ppt,Average Amount Detected,average,ND to 3.7,,,,,
NJ2004002,PFBA,ucmr5,2024,0.001,ppt,Average Amount Detected,average,ND to 0.006,,,,,Value and range appear inconsistent with other rows (possible unit error in report); reproduced as printed
NJ2004002,PFHxA,ucmr5,2024,1,ppt,Average Amount Detected,average,ND to 4,,,,,
NJ0712001,PFOA,compliance,2025,9,ppt,Highest Running Annual Average,highest_raa,ND to 11,Yes,14,4.0,,
NJ0712001,PFOS,compliance,2025,5,ppt,Highest Running Annual Average,highest_raa,ND to 6,Yes,13,4.0,,
NJ0712001,PFHxS,ucmr5,2023,0.1,ppt,Average Amount Detected,average,ND to 4,,,,,
NJ0712001,HFPO-DA,ucmr5,2023,0,ppt,Average Amount Detected,average,ND,,,,,
NJ0712001,PFBS,ucmr5,2023,0,ppt,Average Amount Detected,average,ND,,,,,
NJ0712001,PFNA,ucmr5,2023,0,ppt,Average Amount Detected,average,ND,,13,,,
NJ0712001,PFPeA,ucmr5,2023,0.2,ppt,Average Amount Detected,average,ND to 28,,,,,
NJ0712001,PFBA,ucmr5,2023,0.5,ppt,Average Amount Detected,average,ND to 6,,,,,
NJ0712001,PFHxA,ucmr5,2023,1,ppt,Average Amount Detected,average,ND to 40,,,,,
NJ0712001,PFOA,ucmr5,2023,2,ppt,Average Amount Detected,average,ND to 88,,14,4.0,,
NJ0712001,PFOS,ucmr5,2023,0.3,ppt,Average Amount Detected,average,ND to 6,,13,4.0,,
NJ2121001,PFOA,compliance,2025,5,ppt,Highest Compliance Result,highest_compliance_result_unspecified,ND to 5,Yes,14,4.0,,
NJ2121001,PFOS,compliance,2025,7,ppt,Highest Compliance Result,highest_compliance_result_unspecified,ND to 7,Yes,13,4.0,,
NJ2121001,PFOA,unregulated,2023,1,ppt,Average Amount Detected,average,ND to 5,,14,4.0,,
NJ2121001,PFOS,unregulated,2023,2,ppt,Average Amount Detected,average,ND to 7,,13,4.0,,
NJ2121001,HFPO-DA,unregulated,2023,0,ppt,Average Amount Detected,average,ND,,,,,
NJ2121001,PFBS,unregulated,2023,0,ppt,Average Amount Detected,average,ND,,,,,
NJ2121001,PFHxS,unregulated,2023,0.2,ppt,Average Amount Detected,average,ND to 3,,,,,
NJ2121001,PFNA,unregulated,2023,0,ppt,Average Amount Detected,average,ND,,13,,,
NJ0327001,PFOA,compliance,2025,2.5,ppt,Highest Compliance Result,highest_compliance_result_unspecified,ND to 4.3,Yes,14,4.0,Treatment Plant,
NJ0327001,PFOS,compliance,2025,2.45,ppt,Highest Compliance Result,highest_compliance_result_unspecified,ND to 3.9,Yes,13,4.0,Treatment Plant,
NJ0327001,PFHxS,unregulated,2025,2.1,ppt,Average Amount Detected,average,ND to 2.1,,,,,
NJ0327001,PFBS,unregulated,2025,2.5,ppt,Average Amount Detected,average,ND to 3.4,,,,,
NJ0327001,PFHxA,unregulated,2025,2.7,ppt,Average Amount Detected,average,ND to 4.5,,,,,
NJ0327001,PFPeA,ucmr5,2025,3.4 to 4.9,ppt,Average or Range Detected,range_as_reported,ND to 4.9,,,,Point of Entry,
NJ0327001,PFHxA,ucmr5,2025,3.6,ppt,Average or Range Detected,average,ND to 4.1,,,,Point of Entry,
NJ0327001,PFOA,ucmr5,2025,4.3,ppt,Average or Range Detected,average,ND to 4.3,,14,4.0,Point of Entry,
NJ0327001,PFOS,ucmr5,2025,4.4,ppt,Average or Range Detected,average,ND to 4.4,,13,4.0,Point of Entry,
NJ0323001,PFOA,compliance,2025,2.50,ppt,Highest Compliance Result,highest_compliance_result_unspecified,ND to 4.3,Yes,14,4.0,DRRWTP,"Reported in the report's Delaware River Regional Water Treatment Plant (DRRWTP) section, which covers the surface-water share of supply; no PFAS compliance result is reported for the system's wells"
NJ0323001,PFOS,compliance,2025,2.45,ppt,Highest Compliance Result,highest_compliance_result_unspecified,ND to 3.9,Yes,13,4.0,DRRWTP,"Reported in the report's Delaware River Regional Water Treatment Plant (DRRWTP) section, which covers the surface-water share of supply; no PFAS compliance result is reported for the system's wells"
NJ0323001,PFPeA,ucmr5,2024,2.28,ppt,Average or Range Detected,average,ND to 5.1,,,,Interconnection,
NJ0323001,PFHxA,ucmr5,2024,2.25,ppt,Average or Range Detected,average,ND to 5.1,,,,Interconnection,
NJ0323001,PFOA,ucmr5,2024,1.2,ppt,Average or Range Detected,average,ND to 4.8,,14,4.0,Interconnection,
NJ0323001,PFOS,ucmr5,2024,1.05,ppt,Average or Range Detected,average,ND to 4.2,,13,4.0,Interconnection,
NJ0808001,PFOA,compliance,2025,2.50,ppt,Highest Compliance Result,highest_compliance_result_unspecified,ND to 4.3,Yes,14,4.0,DRRWTP,"Reported in the report's Delaware River Regional Water Treatment Plant (DRRWTP) section, which covers the surface-water share of supply; no PFAS compliance result is reported for the system's wells"
NJ0808001,PFOS,compliance,2025,2.45,ppt,Highest Compliance Result,highest_compliance_result_unspecified,ND to 3.9,Yes,13,4.0,DRRWTP,"Reported in the report's Delaware River Regional Water Treatment Plant (DRRWTP) section, which covers the surface-water share of supply; no PFAS compliance result is reported for the system's wells"
NJ0808001,PFPeA,ucmr5,2025,5.2,ppt,Average or Range Detected,average,NA,,,,Interconnection,
NJ0808001,PFHxA,ucmr5,2025,3.0,ppt,Average or Range Detected,average,NA,,,,Interconnection,
NJ0808001,PFBS,ucmr5,2025,3.8,ppt,Average or Range Detected,average,NA,,,,Interconnection,
NJ0808001,PFPeA,ucmr5,2025,4.9,ppt,Average or Range Detected,average,ND to 4.9,,,,DRRWTP (Point of Entry),
NJ0808001,PFHxA,ucmr5,2025,3.6,ppt,Average or Range Detected,average,ND to 4.1,,,,DRRWTP (Point of Entry),
NJ0808001,PFOA,ucmr5,2025,4.3,ppt,Average or Range Detected,average,ND to 4.3,,14,4.0,DRRWTP (Point of Entry),
NJ0808001,PFOS,ucmr5,2025,4.4,ppt,Average or Range Detected,average,ND to 4.4,,13,4.0,DRRWTP (Point of Entry),
NJ0808001,PFHxS,unregulated,2025,2.1,ppt,Average Amount Detected,average,ND to 2.1,,,,DRRWTP,
NJ0808001,PFBS,unregulated,2025,2.75,ppt,Average Amount Detected,average,ND to 3.4,,,,DRRWTP,
NJ0808001,PFHxA,unregulated,2025,3.4,ppt,Average Amount Detected,average,ND to 4.5,,,,DRRWTP,
NJ1103001,PFOA,compliance,2025,11,ppt,Highest Level Detected,highest_raa,<2.0 to 12,Yes,14,4.0,,Report: highest level detected is the highest RAA; range covers all individual results
NJ1103001,PFOS,compliance,2025,10.63,ppt,Highest Level Detected,highest_raa,<2.0 to 11,Yes,13,4.0,,Report: highest level detected is the highest RAA; range covers all individual results
NJ1103001,PFNA,compliance,2025,1.65,ppt,Highest Level Detected,highest_raa,<2.0 to 2.2,Yes,13,,,Report: highest level detected is the highest RAA; range covers all individual results
NJ1103001,PFHxA,ucmr5,2025,2.5,ppt,Average Detection,average,ND to 5.4,,,,Entry Point,
NJ1103001,PFHpA,ucmr5,2025,1.4,ppt,Average Detection,average,ND to 3.4,,,,Entry Point,
NJ1103001,PFPeA,ucmr5,2025,2.3,ppt,Average Detection,average,ND to 4.6,,,,Entry Point,
NJ1103001,PFHxS,ucmr5,2025,3.0,ppt,Average Detection,average,ND to 10.4,,,,Entry Point,
NJ2119001,PFBS,voluntary,2025,ND,ppt,Range of Detections,not_detected,ND,,,,Entry Point,
NJ2119001,HFPO-DA,voluntary,2025,ND,ppt,Range of Detections,not_detected,ND,,,,Entry Point,
NJ2119001,PFOA,voluntary,2025,ND,ppt,Range of Detections,not_detected,ND,,14,4.0,Entry Point,
NJ2119001,PFOS,voluntary,2025,ND,ppt,Range of Detections,not_detected,ND,,13,4.0,Entry Point,
NJ2119001,PFHxS,voluntary,2025,ND,ppt,Range of Detections,not_detected,ND,,,,Entry Point,
NJ2119001,PFNA,voluntary,2025,ND,ppt,Range of Detections,not_detected,ND,,13,,Entry Point,
