census_geoid,pwsid,epa_system_name,service_share,share_basis
3401900550,NJ2119001,AQUA NJ - PHILLIPSBURG,1.0,census_population_overlap
3400702200,NJ0327001,NJ AMERICAN WATER - WESTERN,1.0,census_population_overlap
3403505560,NJ0712001,NJ AMERICAN WATER - SHORT HILLS,1.0,census_population_overlap
3403507720,NJ2004002,NJ AMERICAN WATER - RARITAN,1.0,census_population_overlap
3403310610,NJ1707001,NJ AMERICAN WATER - PENNS GROVE,0.86,census_population_overlap
3403310610,NJ1708001,PENNSVILLE TWSP. WATER DEPART.,0.14,census_population_overlap
3400512670,NJ1103001,AQUA NJ - HAMILTON SQUARE,1.0,census_population_overlap
3400512940,NJ0327001,NJ AMERICAN WATER - WESTERN,1.0,census_population_overlap
3400517440,NJ0327001,NJ AMERICAN WATER - WESTERN,1.0,census_population_overlap
3400518790,NJ0323001,NJ AMERICAN WATER - MOUNT HOLLY,1.0,census_population_overlap
3400520050,NJ0327001,NJ AMERICAN WATER - WESTERN,1.0,census_population_overlap
3403921000,NJ2004001,NJ AMERICAN WATER - LIBERTY,1.0,manual_verification
3404128260,NJ2119001,AQUA NJ - PHILLIPSBURG,1.0,census_population_overlap
3400529010,NJ0323001,NJ AMERICAN WATER - MOUNT HOLLY,1.0,census_population_overlap
3401530180,NJ0808001,NJ AMERICAN WATER - HARRISON,1.0,census_population_overlap
3403531890,NJ2004002,NJ AMERICAN WATER - RARITAN,1.0,census_population_overlap
3401932460,NJ2119001,AQUA NJ - PHILLIPSBURG,1.0,census_population_overlap
3401334450,NJ0712001,NJ AMERICAN WATER - SHORT HILLS,1.0,manual_verification
3403940350,NJ2004002,NJ AMERICAN WATER - RARITAN,1.0,census_population_overlap
3402541310,NJ1345001,NJ AMERICAN WATER - COASTAL NORTH,1.0,census_population_overlap
3404141490,NJ2119001,AQUA NJ - PHILLIPSBURG,1.0,census_population_overlap
3400542060,NJ0323001,NJ AMERICAN WATER - MOUNT HOLLY,1.0,census_population_overlap
3401343800,NJ0712001,NJ AMERICAN WATER - SHORT HILLS,1.0,census_population_overlap
3402545990,NJ1345001,NJ AMERICAN WATER - COASTAL NORTH,1.0,manual_verification
3400548900,NJ0323001,NJ AMERICAN WATER - MOUNT HOLLY,1.0,census_population_overlap
3402549890,NJ1345001,NJ AMERICAN WATER - COASTAL NORTH,1.0,census_population_overlap
3400954360,NJ0508001,NJ AMERICAN WATER - OCEAN CITY,1.0,census_population_overlap
3402554270,NJ1345001,NJ AMERICAN WATER - COASTAL NORTH,1.0,census_population_overlap
3403354810,NJ1707001,NJ AMERICAN WATER - PENNS GROVE,1.0,census_population_overlap
3404155530,NJ2121001,NJ AMERICAN WATER - WASHINGTON/OXFORD,1.0,census_population_overlap
3403357750,NJ1707001,NJ AMERICAN WATER - PENNS GROVE,1.0,census_population_overlap
3404158350,NJ2119001,AQUA NJ - PHILLIPSBURG,1.0,census_population_overlap
3402359010,NJ2004002,NJ AMERICAN WATER - RARITAN,1.0,census_population_overlap
3403959190,NJ2004002,NJ AMERICAN WATER - RARITAN,1.0,census_population_overlap
3403970020,NJ0712001,NJ AMERICAN WATER - SHORT HILLS,1.0,census_population_overlap
3403971430,NJ0712001,NJ AMERICAN WATER - SHORT HILLS,1.0,census_population_overlap
3402573020,NJ1345001,NJ AMERICAN WATER - COASTAL NORTH,1.0,census_population_overlap
3400974810,NJ0508001,NJ AMERICAN WATER - OCEAN CITY,1.0,census_population_overlap
3404177270,NJ2121001,NJ AMERICAN WATER - WASHINGTON/OXFORD,1.0,census_population_overlap
3404177300,NJ2121001,NJ AMERICAN WATER - WASHINGTON/OXFORD,1.0,census_population_overlap
3400777630,NJ0327001,NJ AMERICAN WATER - WESTERN,1.0,census_population_overlap
3400578200,NJ0323001,NJ AMERICAN WATER - MOUNT HOLLY,1.0,census_population_overlap
