town,official_name,county,state,census_geoid,population,population_source,primary_pwsid,page_url
Alexandria,Alexandria township,Hunterdon,NJ,3401900550,4811,"U.S. Census Bureau PEP Vintage 2025 (July 1, 2025)",NJ2119001,https://sourceandtap.com/nj/alexandria/
Audubon,Audubon borough,Camden,NJ,3400702200,8825,"U.S. Census Bureau PEP Vintage 2025 (July 1, 2025)",NJ0327001,https://sourceandtap.com/nj/audubon/
Bernards Township,Bernards township,Somerset,NJ,3403505560,28594,"U.S. Census Bureau PEP Vintage 2025 (July 1, 2025)",NJ0712001,https://sourceandtap.com/nj/bernards-township/
Bridgewater,Bridgewater township,Somerset,NJ,3403507720,46455,"U.S. Census Bureau PEP Vintage 2025 (July 1, 2025)",NJ2004002,https://sourceandtap.com/nj/bridgewater/
Carneys Point,Carneys Point township,Salem,NJ,3403310610,8766,"U.S. Census Bureau PEP Vintage 2025 (July 1, 2025)",NJ1707001,https://sourceandtap.com/nj/carneys-point/
Chesterfield,Chesterfield township,Burlington,NJ,3400512670,9046,"U.S. Census Bureau PEP Vintage 2025 (July 1, 2025)",NJ1103001,https://sourceandtap.com/nj/chesterfield/
Cinnaminson,Cinnaminson township,Burlington,NJ,3400512940,17930,"U.S. Census Bureau PEP Vintage 2025 (July 1, 2025)",NJ0327001,https://sourceandtap.com/nj/cinnaminson/
Delran,Delran township,Burlington,NJ,3400517440,18909,"U.S. Census Bureau PEP Vintage 2025 (July 1, 2025)",NJ0327001,https://sourceandtap.com/nj/delran/
Eastampton,Eastampton township,Burlington,NJ,3400518790,6603,"U.S. Census Bureau PEP Vintage 2025 (July 1, 2025)",NJ0323001,https://sourceandtap.com/nj/eastampton/
Edgewater Park,Edgewater Park township,Burlington,NJ,3400520050,9617,"U.S. Census Bureau PEP Vintage 2025 (July 1, 2025)",NJ0327001,https://sourceandtap.com/nj/edgewater-park/
Elizabeth,Elizabeth city,Union,NJ,3403921000,141675,"U.S. Census Bureau PEP Vintage 2025 (July 1, 2025)",NJ2004001,https://sourceandtap.com/nj/elizabeth/
Greenwich Township,Greenwich township,Warren,NJ,3404128260,5726,"U.S. Census Bureau PEP Vintage 2025 (July 1, 2025)",NJ2119001,https://sourceandtap.com/nj/greenwich-township-warren-county/
Hainesport,Hainesport township,Burlington,NJ,3400529010,6197,"U.S. Census Bureau PEP Vintage 2025 (July 1, 2025)",NJ0323001,https://sourceandtap.com/nj/hainesport/
Harrison Township,Harrison township,Gloucester,NJ,3401530180,14043,"U.S. Census Bureau PEP Vintage 2025 (July 1, 2025)",NJ0808001,https://sourceandtap.com/nj/harrison-township/
Hillsborough,Hillsborough township,Somerset,NJ,3403531890,45061,"U.S. Census Bureau PEP Vintage 2025 (July 1, 2025)",NJ2004002,https://sourceandtap.com/nj/hillsborough/
Holland,Holland township,Hunterdon,NJ,3401932460,5239,"U.S. Census Bureau PEP Vintage 2025 (July 1, 2025)",NJ2119001,https://sourceandtap.com/nj/holland/
Irvington,Irvington township,Essex,NJ,3401334450,62233,"U.S. Census Bureau PEP Vintage 2025 (July 1, 2025)",NJ0712001,https://sourceandtap.com/nj/irvington/
Linden,Linden city,Union,NJ,3403940350,45752,"U.S. Census Bureau PEP Vintage 2025 (July 1, 2025)",NJ2004002,https://sourceandtap.com/nj/linden/
Long Branch,Long Branch city,Monmouth,NJ,3402541310,33321,"U.S. Census Bureau PEP Vintage 2025 (July 1, 2025)",NJ1345001,https://sourceandtap.com/nj/long-branch/
Lopatcong,Lopatcong township,Warren,NJ,3404141490,9537,"U.S. Census Bureau PEP Vintage 2025 (July 1, 2025)",NJ2119001,https://sourceandtap.com/nj/lopatcong/
Lumberton,Lumberton township,Burlington,NJ,3400542060,13171,"U.S. Census Bureau PEP Vintage 2025 (July 1, 2025)",NJ0323001,https://sourceandtap.com/nj/lumberton/
Maplewood,Maplewood township,Essex,NJ,3401343800,26320,"U.S. Census Bureau PEP Vintage 2025 (July 1, 2025)",NJ0712001,https://sourceandtap.com/nj/maplewood/
Middletown,Middletown township,Monmouth,NJ,3402545990,67135,"U.S. Census Bureau PEP Vintage 2025 (July 1, 2025)",NJ1345001,https://sourceandtap.com/nj/middletown/
Mount Holly,Mount Holly township,Burlington,NJ,3400548900,10645,"U.S. Census Bureau PEP Vintage 2025 (July 1, 2025)",NJ0323001,https://sourceandtap.com/nj/mount-holly/
Neptune,Neptune township,Monmouth,NJ,3402549890,28273,"U.S. Census Bureau PEP Vintage 2025 (July 1, 2025)",NJ1345001,https://sourceandtap.com/nj/neptune/
Ocean City,Ocean City city,Cape May,NJ,3400954360,11101,"U.S. Census Bureau PEP Vintage 2025 (July 1, 2025)",NJ0508001,https://sourceandtap.com/nj/ocean-city/
Ocean Township,Ocean township,Monmouth,NJ,3402554270,28088,"U.S. Census Bureau PEP Vintage 2025 (July 1, 2025)",NJ1345001,https://sourceandtap.com/nj/ocean-township-monmouth-county/
Oldmans,Oldmans township,Salem,NJ,3403354810,1954,"U.S. Census Bureau PEP Vintage 2025 (July 1, 2025)",NJ1707001,https://sourceandtap.com/nj/oldmans/
Oxford,Oxford township,Warren,NJ,3404155530,2469,"U.S. Census Bureau PEP Vintage 2025 (July 1, 2025)",NJ2121001,https://sourceandtap.com/nj/oxford/
Penns Grove,Penns Grove borough,Salem,NJ,3403357750,4934,"U.S. Census Bureau PEP Vintage 2025 (July 1, 2025)",NJ1707001,https://sourceandtap.com/nj/penns-grove/
Phillipsburg,Phillipsburg town,Warren,NJ,3404158350,15456,"U.S. Census Bureau PEP Vintage 2025 (July 1, 2025)",NJ2119001,https://sourceandtap.com/nj/phillipsburg/
Piscataway,Piscataway township,Middlesex,NJ,3402359010,62253,"U.S. Census Bureau PEP Vintage 2025 (July 1, 2025)",NJ2004002,https://sourceandtap.com/nj/piscataway/
Plainfield,Plainfield city,Union,NJ,3403959190,57141,"U.S. Census Bureau PEP Vintage 2025 (July 1, 2025)",NJ2004002,https://sourceandtap.com/nj/plainfield/
Springfield Township,Springfield township,Union,NJ,3403970020,18342,"U.S. Census Bureau PEP Vintage 2025 (July 1, 2025)",NJ0712001,https://sourceandtap.com/nj/springfield-township-union-county/
Summit,Summit city,Union,NJ,3403971430,23314,"U.S. Census Bureau PEP Vintage 2025 (July 1, 2025)",NJ0712001,https://sourceandtap.com/nj/summit/
Tinton Falls,Tinton Falls borough,Monmouth,NJ,3402573020,19539,"U.S. Census Bureau PEP Vintage 2025 (July 1, 2025)",NJ1345001,https://sourceandtap.com/nj/tinton-falls/
Upper Township,Upper township,Cape May,NJ,3400974810,12355,"U.S. Census Bureau PEP Vintage 2025 (July 1, 2025)",NJ0508001,https://sourceandtap.com/nj/upper-township/
Washington Borough,Washington borough,Warren,NJ,3404177270,7326,"U.S. Census Bureau PEP Vintage 2025 (July 1, 2025)",NJ2121001,https://sourceandtap.com/nj/washington-borough/
Washington Township,Washington township,Warren,NJ,3404177300,7108,"U.S. Census Bureau PEP Vintage 2025 (July 1, 2025)",NJ2121001,https://sourceandtap.com/nj/washington-township-warren-county/
Waterford,Waterford township,Camden,NJ,3400777630,10562,"U.S. Census Bureau PEP Vintage 2025 (July 1, 2025)",NJ0327001,https://sourceandtap.com/nj/waterford/
Westampton,Westampton township,Burlington,NJ,3400578200,9436,"U.S. Census Bureau PEP Vintage 2025 (July 1, 2025)",NJ0323001,https://sourceandtap.com/nj/westampton/
